{"_timestamp":1.7287752648833144e+09,"train/loss":3.643195867538452,"_wandb":{"runtime":925},"mfu":107.82364728631677,"iter":2400,"val/loss":3.6715917587280273,"lr":0.0005999994038562862,"_runtime":873.956043105,"_step":12}