{"iter":2000,"lr":0.0006,"_step":10,"_timestamp":1.7287729456885238e+09,"train/loss":0.03039759211242199,"_runtime":539.711665184,"val/loss":4.266106605529785,"mfu":107.52804521814352,"_wandb":{"runtime":578}}